-- phpMyAdmin SQL Dump
-- version 5.2.0
-- https://www.phpmyadmin.net/
--
-- Host: 127.0.0.1:3307
-- Generation Time: Apr 16, 2023 at 04:49 PM
-- Server version: 10.4.27-MariaDB
-- PHP Version: 8.2.0

SET SQL_MODE = "NO_AUTO_VALUE_ON_ZERO";
START TRANSACTION;
SET time_zone = "+00:00";


/*!40101 SET @OLD_CHARACTER_SET_CLIENT=@@CHARACTER_SET_CLIENT */;
/*!40101 SET @OLD_CHARACTER_SET_RESULTS=@@CHARACTER_SET_RESULTS */;
/*!40101 SET @OLD_COLLATION_CONNECTION=@@COLLATION_CONNECTION */;
/*!40101 SET NAMES utf8mb4 */;

--
-- Database: `moviedb`
--

-- --------------------------------------------------------

--
-- Table structure for table `blogs`
--

CREATE TABLE `blogs` (
  `ID` int(11) UNSIGNED NOT NULL,
  `Title` varchar(255) NOT NULL,
  `Content` text NOT NULL,
  `AuthorID` varchar(255) NOT NULL,
  `CreatedAt` timestamp NOT NULL DEFAULT current_timestamp(),
  `UpdatedAt` timestamp NOT NULL DEFAULT current_timestamp() ON UPDATE current_timestamp(),
  `Image` varchar(255) NOT NULL
) ENGINE=InnoDB DEFAULT CHARSET=utf8mb4 COLLATE=utf8mb4_general_ci;

--
-- Dumping data for table `blogs`
--

INSERT INTO `blogs` (`ID`, `Title`, `Content`, `AuthorID`, `CreatedAt`, `UpdatedAt`, `Image`) VALUES
(3, 'The Evolution of Movie Soundtracks', 'Movie soundtracks are an integral part of the film industry. They can set the tone for a scene, evoke emotions, and even become iconic in their own right. Over the years, movie soundtracks have evolved and changed, adapting to new technologies and trends in the music industry.\r\n\r\nIn the early days of cinema, silent films relied on live music to accompany the action on screen. Pianists and small orchestras would play along to the film, providing sound effects and musical accompaniment. As technology advanced, so did the way that soundtracks were created.\r\n\r\nThe introduction of synchronized sound in the late 1920s allowed for more complex soundtracks to be created. Suddenly, films could feature dialogue, sound effects, and music all mixed together. The early soundtracks were often orchestral in nature, with classical music or original scores accompanying the action on screen.', '456', '2023-04-04 15:58:37', '2023-04-04 16:24:32', 'https://www.macmillandictionaryblog.com/wp-content/uploads/2018/04/soundtrack-1024x644.jpg');

-- --------------------------------------------------------

--
-- Table structure for table `content`
--

CREATE TABLE `content` (
  `ID` int(11) NOT NULL,
  `Title` varchar(255) NOT NULL,
  `Date` date DEFAULT NULL,
  `Status` varchar(50) DEFAULT NULL,
  `Rating` decimal(3,1) DEFAULT NULL,
  `Cover` varchar(255) DEFAULT NULL,
  `Trailer` varchar(255) DEFAULT NULL,
  `Description` text DEFAULT NULL,
  `Type` varchar(10) DEFAULT NULL,
  `Length` int(11) DEFAULT NULL
) ENGINE=InnoDB DEFAULT CHARSET=utf8mb4 COLLATE=utf8mb4_general_ci;

--
-- Dumping data for table `content`
--

INSERT INTO `content` (`ID`, `Title`, `Date`, `Status`, `Rating`, `Cover`, `Trailer`, `Description`, `Type`, `Length`) VALUES
(21, 'Avatar', '2009-01-02', NULL, '8.9', 'https://m.media-amazon.com/images/M/MV5BYjhiNjBlODctY2ZiOC00YjVlLWFlNzAtNTVhNzM1YjI1NzMxXkEyXkFqcGdeQXVyMjQxNTE1MDA@._V1_.jpg', 'https://www.youtube.com/watch?v=5PSNL1qE6VY', 'Blue People.', 'Movie', 254),
(22, 'Avatar', '2009-01-01', NULL, '8.7', 'https://m.media-amazon.com/images/M/MV5BYjhiNjBlODctY2ZiOC00YjVlLWFlNzAtNTVhNzM1YjI1NzMxXkEyXkFqcGdeQXVyMjQxNTE1MDA@._V1_.jpg', 'https://www.youtube.com/watch?v=5PSNL1qE6VY', 'Blue.', 'Movie', 254);

-- --------------------------------------------------------

--
-- Table structure for table `director`
--

CREATE TABLE `director` (
  `ID` int(11) NOT NULL,
  `Director` varchar(50) NOT NULL
) ENGINE=InnoDB DEFAULT CHARSET=utf8mb4 COLLATE=utf8mb4_general_ci;

--
-- Dumping data for table `director`
--

INSERT INTO `director` (`ID`, `Director`) VALUES
(21, 'Christophor Nolan'),
(22, 'Christophor Nolan');

-- --------------------------------------------------------

--
-- Table structure for table `genre`
--

CREATE TABLE `genre` (
  `ID` int(11) NOT NULL,
  `Genre` varchar(50) NOT NULL
) ENGINE=InnoDB DEFAULT CHARSET=utf8mb4 COLLATE=utf8mb4_general_ci;

--
-- Dumping data for table `genre`
--

INSERT INTO `genre` (`ID`, `Genre`) VALUES
(21, 'Action'),
(21, 'Documentary'),
(21, 'Romance'),
(22, 'Comedy'),
(22, 'Drama'),
(22, 'Romance'),
(22, 'Thriller');

-- --------------------------------------------------------

--
-- Table structure for table `studio`
--

CREATE TABLE `studio` (
  `ID` int(11) NOT NULL,
  `Studio` varchar(50) NOT NULL
) ENGINE=InnoDB DEFAULT CHARSET=utf8mb4 COLLATE=utf8mb4_general_ci;

--
-- Dumping data for table `studio`
--

INSERT INTO `studio` (`ID`, `Studio`) VALUES
(21, 'Marvel Studios'),
(22, 'Marvel Studios');

-- --------------------------------------------------------

--
-- Table structure for table `users`
--

CREATE TABLE `users` (
  `ID` int(11) NOT NULL,
  `Username` varchar(15) DEFAULT NULL,
  `Email` varchar(30) DEFAULT NULL,
  `Password` varchar(30) DEFAULT NULL,
  `Admin` tinyint(1) NOT NULL,
  `Active` tinyint(1) NOT NULL
) ENGINE=InnoDB DEFAULT CHARSET=utf8mb4 COLLATE=utf8mb4_unicode_ci;

--
-- Dumping data for table `users`
--

INSERT INTO `users` (`ID`, `Username`, `Email`, `Password`, `Admin`, `Active`) VALUES
(1, 'eljohn7', 'eljon.sh@gmail.com', 'Milton77', 1, 1),
(2, 'bleronmorina', 'bleronmorina54@gmail.com', 'Milton77', 0, 0);

--
-- Indexes for dumped tables
--

--
-- Indexes for table `blogs`
--
ALTER TABLE `blogs`
  ADD PRIMARY KEY (`ID`);

--
-- Indexes for table `content`
--
ALTER TABLE `content`
  ADD PRIMARY KEY (`ID`);

--
-- Indexes for table `director`
--
ALTER TABLE `director`
  ADD PRIMARY KEY (`ID`);

--
-- Indexes for table `genre`
--
ALTER TABLE `genre`
  ADD PRIMARY KEY (`ID`,`Genre`);

--
-- Indexes for table `studio`
--
ALTER TABLE `studio`
  ADD PRIMARY KEY (`ID`);

--
-- Indexes for table `users`
--
ALTER TABLE `users`
  ADD PRIMARY KEY (`ID`);

--
-- AUTO_INCREMENT for dumped tables
--

--
-- AUTO_INCREMENT for table `blogs`
--
ALTER TABLE `blogs`
  MODIFY `ID` int(11) UNSIGNED NOT NULL AUTO_INCREMENT, AUTO_INCREMENT=4;

--
-- AUTO_INCREMENT for table `content`
--
ALTER TABLE `content`
  MODIFY `ID` int(11) NOT NULL AUTO_INCREMENT, AUTO_INCREMENT=23;

--
-- AUTO_INCREMENT for table `users`
--
ALTER TABLE `users`
  MODIFY `ID` int(11) NOT NULL AUTO_INCREMENT, AUTO_INCREMENT=19;

--
-- Constraints for dumped tables
--

--
-- Constraints for table `director`
--
ALTER TABLE `director`
  ADD CONSTRAINT `director_ibfk_1` FOREIGN KEY (`ID`) REFERENCES `content` (`ID`);

--
-- Constraints for table `genre`
--
ALTER TABLE `genre`
  ADD CONSTRAINT `genre_ibfk_1` FOREIGN KEY (`ID`) REFERENCES `content` (`ID`);

--
-- Constraints for table `studio`
--
ALTER TABLE `studio`
  ADD CONSTRAINT `studio_ibfk_1` FOREIGN KEY (`ID`) REFERENCES `content` (`ID`);
COMMIT;

/*!40101 SET CHARACTER_SET_CLIENT=@OLD_CHARACTER_SET_CLIENT */;
/*!40101 SET CHARACTER_SET_RESULTS=@OLD_CHARACTER_SET_RESULTS */;
/*!40101 SET COLLATION_CONNECTION=@OLD_COLLATION_CONNECTION */;
